Ticker,Sector,Type
MMMC34,Conglomerado,Bdr
A1BB34,Industrial,Bdr
ABTT34,Farmacêutico,Bdr
ABBV34,Farmacêutico,Bdr
A1BM34,Equipamentos Médicos,Bdr
ABAM34,-,
A2SO34,Entretenimento,Bdr
ACNB34,Tecnologia da Informação/Programas e Serviços,Bdr
ATVI34,Tecnologia,Bdr
ADBE34,Tecnologia,Bdr
A1AP34,Auto peças,Bdr
A1MD34,Tecnologia,Bdr
A1EG34,Financeiro,Bdr
A1ES34,Utilidades,Bdr
A1FL34,Financeiro,Bdr
A1GI34,Industrial,Bdr
A1PD34,Materiais básicos,Bdr
AIRB34,Comércio Eletrônico,Bdr
A1KA34,Tecnologia,Bdr
AKZA34,-,
A1LK34,Aviação,Bdr
A1LB34,Materiais básicos,Bdr
A2LC34,Equipamentos Médicos,Bdr
A1RE34,Financeiro,Bdr
BABA34,Comunicação,Bdr
A1LG34,Tecnologia,Bdr
A1GN34,Industrial,Bdr
ALFG34,-,
A1EN34,Utilidades,Bdr
A1TT34,Financeiro,Bdr
A1LN34,Farmacêutico,Bdr
GOGL34,Tecnologia,Bdr
GOGL35,Tecnologia,Bdr
A1YX34,Tecnologia,Bdr
MOOO34,Tabaco,Bdr
AMZO34,Consumo Cíclico/Comércio/Produtos Diversos,Bdr
A2MB34,Tecnologia,Bdr
A2MC34,Entretenimento,Bdr
A1CR34,Industrial,Bdr
D2OX34,Tecnologia,Bdr
A1EE34,Utilidades,Bdr
A1MX34,Comunicação,Bdr
AALL34,Aviação,Bdr
A1EP34,Utilidades,Bdr
AXPB34,Financeiro e Outros/Serviços Financeiros Diversos,Bdr
AIGB34,Financeiro e Outros/Previdência e Seguros/Seguradoras,Bdr
T1OW34,Financeiro,Bdr
A1WK34,Utilidades,Bdr
A1MP34,Financeiro,Bdr
A1MB34,Farmacêutico,Bdr
A1ME34,Industrial,Bdr
AMGN34,Biotecnologia,Bdr
A1PH34,Industrial,Bdr
A2MR34,Farmacêutico,Bdr
A1DI34,Tecnologia,Bdr
AAGO34,-,
A1UA34,Mineradora,Bdr
ABUD34,Bebidas,Bdr
N2LY34,Financeiro,Bdr
A1NS34,Tecnologia,Bdr
E1LV34,Seguros,Bdr
A1OS34,Industrial,Bdr
A1ON34,Financeiro,Bdr
A1PA34,Energia,Bdr
A1IV34,Financeiro,Bdr
AAPL34,Tecnologia,Bdr
A1MT34,Tecnologia,Bdr
APTV34,Farmacêutico,Bdr
ARMT34,Metalurgia e Siderurgia,Bdr
A1DM34,Conglomerado,Bdr
A2RE34,Financeiro,Bdr
A1RG34,Farmacêutico,Bdr
A1NE34,Comunicação,Bdr
AWII34,Industrial,Bdr
A2RW34,Industrial,Bdr
A2RR34,"Pacífico Asiático, Ex Japão",Bdr
A1JG34,Financeiro,Bdr
A1SN34,Farmacêutico,Bdr
ASML34,Tecnologia,Bdr
A1SU34,Financeiro,Bdr
A1ZN34,Farmacêutico,Bdr
ATTB34,Telecomunicações,Bdr
T1AM34,Tecnologia,Bdr
A1TM34,Utilidades,Bdr
AURA33,Materiais Básicos/Mineração/Minerais Metálicos,Bdr
A1UT34,Tecnologia,Bdr
A1TH34,Comunicação,Bdr
ADPR34,Financeiro,Bdr
AZOI34,Auto peças,Bdr
A2VL34,Tecnologia da Informação/Programas e Serviços,Bdr
A1VB34,Financeiro,Bdr
A1VY34,Industrial,Bdr
A2XO34,Industrial,Bdr
A2ZT34,Tecnologia,Bdr
BIDU34,Comunicação,Bdr
B1KR34,Energia,Bdr
B1LL34,Industrial,Bdr
BILB34,Financeiro,Bdr
B1SA34,Financeiro,Bdr
BCSA34,Financeiro,Bdr
C2OL34,Financeiro,Bdr
BOAC34,Financeiro,Bdr
B1CS34,Financeiro,Bdr
BARR34,-,
B1BW34,Beleza,Bdr
B1AX34,Medicina,Bdr
B1DX34,Equipamentos Médicos,Bdr
B1GN34,Farmacêutico,Bdr
BERK34,Financeiro e Outros/Holdings Diversificadas,Bdr
BBYY34,Tecnologia,Bdr
B2YN34,"Alimentação, restaurantes",Bdr
B1IL34,Tecnologia,Bdr
B2HI34,Tecnologia,Bdr
BIIB34,Biotecnologia,Bdr
B1MR34,Farmacêutico,Bdr
B1NT34,Farmacêutico,Bdr
T1CH34,Farmacêutico,Bdr
B2LN34,Tecnologia,Bdr
BLAK34,Financeiro,Bdr
S2QU34,Financeiro,Bdr
BKNG34,Comunicação,Bdr
B2AH34,Consultoria,Bdr
B1WA34,Auto peças,Bdr
BOXP34,Imobiliário,Bdr
B1SX34,Equipamentos Médicos,Bdr
B1PP34,Energia,Bdr
A1LL34,Financeiro,Bdr
BMYB34,Saúde/Medicamentos e Outros Produtos/Medicamentos e Outros Produtos,Bdr
B1TI34,Tabaco,Bdr
AVGO34,Tecnologia,Bdr
B1RF34,Tecnologia,Bdr
B1AM34,Financeiro,Bdr
B1FC34,Bebidas,Bdr
B2RK34,Equipamentos Médicos,Bdr
B2MB34,Comunicação,Bdr
B2UR34,Comércio,Bdr
C1AB34,Comunicação,Bdr
C2AC34,Tecnologia,Bdr
C1DN34,Tecnologia,Bdr
C2ZR34,Entretenimento,Bdr
C2PT34,Financeiro,Bdr
C1PB34,"Alimentação, restaurantes",Bdr
CNIC34,Industrial,Bdr
CPRL34,Industrial,Bdr
CAJI34,Tecnologia,Bdr
CAON34,Financeiro,Bdr
CAPH34,Farmacêutico,Bdr
C1AH34,Farmacêutico,Bdr
K1MX34,Automóvel,Bdr
C1CL34,Transporte Marítimo,Bdr
C1RR34,Industrial,Bdr
CRIN34,Vestuário,Bdr
CATP34,Bens Industriais/Máquinas e Equipamentos/Máq. e Equip. Construção e Agrícolas,Bdr
C1BO34,Financeiro,Bdr
C1BR34,Financeiro,Bdr
C1DW34,Comunicação,Bdr
C1NS34,Materiais básicos,Bdr
C2EM34,Industrial,Bdr
C1NC34,Seguros,Bdr
C1NP34,Utilidades,Bdr
C2RN34,Tecnologia,Bdr
C1FI34,Materiais básicos,Bdr
C1HR34,Industrial,Bdr
C2HN34,Equipamentos Médicos,Bdr
C2HP34,Industrial,Bdr
CHCM34,Comunicação,Bdr
C1HK34,Tecnologia,Bdr
CHVX34,"Petróleo, Gás e Biocombustíveis/Exploração, Refino e Distribuição",Bdr
L1FC34,Financeiro,Bdr
C1HI34,Energia,Bdr
C1MG34,"Alimentação, restaurantes",Bdr
C1BL34,Financeiro,Bdr
C1HT34,Comunicação,Bdr
CHDC34,Higiene Pessoal,Bdr
C2HD34,Entretenimento,Bdr
C1IC34,Medicina,Bdr
CINF34,Financeiro,Bdr
C1TA34,Prestador de Serviços,Bdr
CSCO34,Tecnologia,Bdr
CTGP34,Financeiro,Bdr
C1FG34,Financeiro,Bdr
C1TX34,Tecnologia,Bdr
CLXC34,Produtos de consumo não duráveis,Bdr
N2ET34,Tecnologia,Bdr
CLOV34,-,
CHME34,Financeiro,Bdr
C1MS34,Utilidades,Bdr
C2CA34,Bebidas,Bdr
C2GN34,Industrial,Bdr
CTSH34,Tecnologia,Bdr
C2OI34,Financeiro,Bdr
COLG34,Consumo não Cíclico/Produtos de Uso Pessoal e de Limpeza/Produtos de Uso Pessoal,Bdr
C2SW34,Vestuário,Bdr
CMCS34,Entretenimento,Bdr
C1MA34,Financeiro,Bdr
C1AG34,"Alimentação, restaurantes",Bdr
COPH34,Petróleo,Bdr
E1DI34,Utilidades,Bdr
STZB34,Bebidas,Bdr
C1OO34,Equipamentos Médicos,Bdr
C1PR34,Automóvel,Bdr
G1LW34,Comunicação,Bdr
C1TV34,Biotecnologia,Bdr
C1GP34,Prestador de Serviços,Bdr
COWC34,Comércio,Bdr
C1OG34,Energia,Bdr
COTY34,Beleza,Bdr
C1OU34,Tecnologia,Bdr
C2OU34,Prestador de Serviços,Bdr
C2PR34,Financeiro,Bdr
B2AP34,Financeiro,Bdr
CRDA34,Financeiro,Bdr
C1SU34,Financeiro,Bdr
CRHP34,Industrial,Bdr
C2RS34,"Pacífico Asiático, Ex Japão",Bdr
C2RW34,Tecnologia,Bdr
C1CI34,Financeiro,Bdr
CSXC34,Industrial,Bdr
C1MI34,Industrial,Bdr
CVSH34,Farmacêutico,Bdr
DHER34,Industrial,Bdr
D1RI34,"Alimentação, restaurantes",Bdr
D1DG34,Tecnologia,Bdr
DVAI34,Medicina,Bdr
DEEC34,Industrial,Bdr
D1EL34,Tecnologia,Bdr
DEAI34,Aviação,Bdr
D2NL34,"Pacífico Asiático, Ex Japão",Bdr
XRAY34,Higiene dental,Bdr
DBAG34,Financeiro,Bdr
D1VN34,Energia,Bdr
D1EX34,Farmacêutico,Bdr
DEOP34,Bebidas,Bdr
F1AN34,Energia,Bdr
D2KS34,Lojas de departamento,Bdr
D1LR34,Financeiro,Bdr
D1FS34,Financeiro,Bdr
D1IS34,Comunicação,Bdr
D1OC34,Tecnologia,Bdr
DGCO34,Lojas de departamento,Bdr
DLTR34,Lojas de departamento,Bdr
D1OM34,Utilidades,Bdr
D2PZ34,"Alimentação, restaurantes",Bdr
D2AS34,Comunicação,Bdr
D1OV34,Industrial,Bdr
D1OW34,Utilidades,Bdr
D2OC34,Tecnologia,Bdr
D1HI34,Construção,Bdr
R1DY34,Farmacêutico,Bdr
D2KN34,Entretenimento,Bdr
D1TE34,Utilidades,Bdr
DUKB34,Utilidade Pública/Energia Elétrica,Bdr
D1RE34,Financeiro,Bdr
DDNB34,Financeiro e Outros/Holdings Diversificadas,Bdr
D1XC34,Tecnologia,Bdr
D2TC34,Tecnologia,Bdr
E1MN34,Materiais básicos,Bdr
E1TN34,Industrial,Bdr
EBAY34,Comércio Eletrônico,Bdr
E1CL34,Materiais básicos,Bdr
E1CO34,Energia,Bdr
E1IX34,Utilidades,Bdr
E1WL34,Equipamentos Médicos,Bdr
E2ST34,Tecnologia,Bdr
EAIN34,Tecnologia,Bdr
LILY34,Farmacêutico,Bdr
E1MR34,Industrial,Bdr
E2NO34,Industrial,Bdr
E2NP34,Energia,Bdr
E2NT34,Tecnologia,Bdr
E1TR34,Utilidades,Bdr
E1OG34,Energia,Bdr
E2PA34,Tecnologia,Bdr
E1FX34,Financeiro,Bdr
EQIX34,Financeiro,Bdr
E1QN34,Energia,Bdr
E2LS34,Financeiro,Bdr
E1QR34,Financeiro,Bdr
E1RI34,Comunicação,Bdr
E1SS34,Financeiro,Bdr
ELCI34,Higiene Pessoal,Bdr
E2TS34,Comunicação,Bdr
E2EF34,Financeiro e Outros/Serviços Financeiros Diversos,Bdr
E1VE34,Financeiro,Bdr
E1VR34,Utilidades,Bdr
E1SE34,Utilidades,Bdr
E2XA34,"Pacífico Asiático, Ex Japão",Bdr
E2XE34,"Pacífico Asiático, Ex Japão",Bdr
E1XC34,Utilidades,Bdr
E2XP34,Financeiro,Bdr
EXGR34,Comunicação,Bdr
E1XP34,Industrial,Bdr
EPER34,-,
E1XR34,Financeiro,Bdr
EXXO34,Petróleo,Bdr
F1FI34,Comunicação,Bdr
F2IC34,Tecnologia,Bdr
FASL34,Comércio e Distribuição,Bdr
F1SL34,Tecnologia,Bdr
FDXB34,Bens Industriais/Transporte/Transporte Rodoviário,Bdr
F1NI34,Tecnologia,Bdr
FFTD34,Financeiro,Bdr
F2RT34,Financeiro,Bdr
F1RC34,Financeiro,Bdr
FSLR34,Energia,Bdr
F1EC34,Utilidades,Bdr
F1IS34,Tecnologia,Bdr
F2SK34,Automóvel,Bdr
F2IV34,Tecnologia,Bdr
F2VR34,Comunicação,Bdr
FLTC34,Financeiro,Bdr
F1LS34,Industrial,Bdr
F1MC34,Materiais básicos,Bdr
FMXB34,Consumo não Cíclico/Bebidas/Cervejas e Refrigerantes,Bdr
FDMO34,Automóvel,Bdr
F1TN34,Tecnologia,Bdr
F1TV34,Industrial,Bdr
F1BH34,Industrial,Bdr
FOXC34,Comunicação,Bdr
F2NV34,Agência Governamental - Pequeno Prazo,Bdr
F1RA34,Financeiro,Bdr
FCXO34,Mineradora,Bdr
FMSC34,Medicina,Bdr
F2RS34,Tecnologia,Bdr
G2DI33,Financeiro e Outros/Serviços Financeiros/Gestão de Recursos e Investimentos,Bdr
G1LP34,Farmacêutico,Bdr
G1RM34,Industrial,Bdr
G1AR34,Pesquisas,Bdr
G1DS34,Comunicação,Bdr
GDBR34,Bens Industriais/Material de Transporte/Material Aeronáutico e de Defesa,Bdr
GEOO34,Conglomerado,Bdr
G1MI34,"Alimentação, restaurantes",Bdr
GMCO34,Automóvel,Bdr
G2NT34,Auto peças,Bdr
G1PC34,Auto peças,Bdr
GPRK34,Energia,Bdr
GILD34,Farmacêutico,Bdr
G1SK34,Farmacêutico,Bdr
GLEN34,-,
G1PI34,Financeiro,Bdr
G1LL34,Financeiro,Bdr
G2ME34,Saúde e Biotecnologia,Bdr
G2DD34,Comunicação,Bdr
G1FI34,Mineradora,Bdr
GSGI34,Financeiro,Bdr
GPRO34,Tecnologia,Bdr
GPIV33,Financeiro e Outros/Serviços Financeiros/Gestão de Recursos e Investimentos,Bdr
P2CF34,Industrial,Bdr
S2RE34,Industrial,Bdr
G2WR34,Tecnologia,Bdr
H1RB34,Consultoria,Bdr
HALI34,Petróleo,Bdr
H1BI34,Vestuário,Bdr
THGI34,Financeiro,Bdr
H1OG34,Motocicletas,Bdr
H1IG34,Financeiro,Bdr
H1AS34,Fabricante de Brinquedos,Bdr
H1CA34,Equipamentos Médicos,Bdr
H1DB34,Financeiro,Bdr
H2TA34,Financeiro,Bdr
P1EA34,Financeiro,Bdr
H1EI34,Aeroespacial,Bdr
HEIO34,-,
HEIA34,-,
H1SI34,Assistência Médica,Bdr
H1ES34,Energia,Bdr
H1PE34,Tecnologia,Bdr
HPQB34,Tecnologia da Informação/Computadores e Equipamentos,Bdr
H1FC34,Energia,Bdr
H1LT34,Hotelaria,Bdr
H1OL34,Equipamentos Médicos,Bdr
HOND34,Automóvel,Bdr
HONB34,Financeiro e Outros/Holdings Diversificadas,Bdr
H1ZN34,Farmacêutico,Bdr
H1RL34,"Alimentação, restaurantes",Bdr
H1ST34,Financeiro,Bdr
ARNC34,Aeroespacial,Bdr
H1SB34,Financeiro,Bdr
H1TH34,Hotelaria,Bdr
H2UB34,Tecnologia,Bdr
H1UM34,Seguros,Bdr
H1BA34,Financeiro,Bdr
H1II34,Industrial,Bdr
I1AC34,Comunicação,Bdr
I1BN34,Financeiro,Bdr
I1EX34,Industrial,Bdr
I1DX34,Equipamentos Veterinários,Bdr
I1TW34,Industrial,Bdr
I1LM34,Medicina,Bdr
N2AR34,Saúde e Biotecnologia,Bdr
I1NC34,Farmacêutico,Bdr
I2ND34,Auto peças,Bdr
I1FO34,Tecnologia,Bdr
INGG34,Financeiro,Bdr
I2RS34,Industrial,Bdr
I2NG34,Produtos de consumo não duráveis,Bdr
P2OD34,Equipamentos Médicos,Bdr
ITLC34,Tecnologia,Bdr
INBR31,Financeiro,Bdr
I1CE34,Financeiro,Bdr
I1HG34,Hotelaria,Bdr
IBMB34,Tecnologia da Informação/Programas e Serviços,Bdr
I1FF34,Materiais básicos,Bdr
I1PC34,Materiais básicos,Bdr
I1PH34,Comunicação,Bdr
INTU34,Tecnologia,Bdr
I1SR34,Equipamentos Médicos,Bdr
I1VZ34,Financeiro,Bdr
I2NV34,Financeiro,Bdr
I1PG34,Tecnologia,Bdr
I1QY34,Comunicação,Bdr
I1QV34,Equipamentos Médicos,Bdr
I1RM34,Financeiro,Bdr
I2TR34,Industrial,Bdr
J2BL34,Industrial,Bdr
J1KH34,Tecnologia,Bdr
J1EG34,Industrial,Bdr
J2AZ34,Farmacêutico,Bdr
J1BH34,Industrial,Bdr
JDCO34,Comunicação,Bdr
J1EF34,Financeiro,Bdr
J2WA34,Tecnologia,Bdr
JNJB34,Saúde/Medicamentos e Outros Produtos/Medicamentos e Outros Produtos,Bdr
J1CI34,Industrial,Bdr
JPMC34,Financeiro,Bdr
J1NP34,Comunicação,Bdr
K1BF34,Financeiro,Bdr
K1EL34,"Alimentação, restaurantes",Bdr
KMPR34,Financeiro,Bdr
K1EY34,Financeiro,Bdr
K1SG34,Industrial,Bdr
K2RC34,Financeiro,Bdr
KMBB34,Consumo não Cíclico/Produtos de Uso Pessoal e de Limpeza/Produtos de Uso Pessoal,Bdr
K1IM34,Financeiro,Bdr
KMIC34,Energia,Bdr
K2CG34,Tecnologia,Bdr
K1LA34,Tecnologia,Bdr
K1SS34,Vestuário,Bdr
PHGN34,Equipamentos Médicos,Bdr
K1RC34,"Alimentação, restaurantes",Bdr
K1TC34,Comunicação,Bdr
L1HX34,Industrial,Bdr
L1CA34,Medicina,Bdr
L1RC34,Tecnologia,Bdr
L1WH34,"Alimentação, restaurantes",Bdr
L1VS34,Hotelaria,Bdr
L2SC34,Tecnologia,Bdr
L1EG34,Industrial,Bdr
L1DO34,Tecnologia,Bdr
L1EN34,Construção,Bdr
LBRD34,Comunicação,Bdr
L1BT34,Comunicação,Bdr
L1BT35,Comunicação,Bdr
LSXM34,Comunicação,Bdr
LSXM35,Comunicação,Bdr
L2SI34,Financeiro,Bdr
L1NC34,Financeiro,Bdr
L1IN34,Materiais básicos,Bdr
L2IV34,Tecnologia,Bdr
L1YV34,Entretenimento,Bdr
L1KQ34,Auto peças,Bdr
L1YG34,Financeiro,Bdr
LMTB34,Bens Industriais/Material de Transporte/Material Aeronáutico e de Defesa,Bdr
L1OE34,Financeiro,Bdr
LSEG34,-,
LOWC34,Construção,Bdr
L2PL34,Financeiro,Bdr
L1UL34,Vestuário,Bdr
L1MN34,Comunicação,Bdr
L2AZ34,Tecnologia,Bdr
L1YB34,Materiais básicos,Bdr
M1TB34,Financeiro,Bdr
MACY34,Lojas de departamento,Bdr
M1RO34,Energia,Bdr
M1PC34,Energia,Bdr
MKLC34,Financeiro,Bdr
M1KT34,Financeiro,Bdr
M1TT34,Hotelaria,Bdr
M1MC34,Financeiro,Bdr
M1LM34,Industrial,Bdr
M2RV34,Tecnologia,Bdr
M1AS34,Industrial,Bdr
M2AS34,Equipamentos Médicos,Bdr
MSCD34,Financeiro e Outros/Serviços Financeiros Diversos,Bdr
M1TC34,Comunicação,Bdr
M1KC34,"Alimentação, restaurantes",Bdr
MCDC34,Consumo Cíclico/Hoteis e Restaurantes /Restaurante e Similares,Bdr
M1CK34,Medicina,Bdr
M2PW34,Financeiro,Bdr
MDTC34,Equipamentos Médicos,Bdr
M1LC34,Hotelaria,Bdr
MELI34,Comunicação,Bdr
MRCK34,Farmacêutico,Bdr
M1TA34,Redes Sociais,Bdr
METB34,Financeiro e Outros/Previdência e Seguros/Seguradoras,Bdr
M1TD34,Industrial,Bdr
M1GM34,Hotelaria,Bdr
M1CH34,Tecnologia,Bdr
MUTC34,Tecnologia,Bdr
MSFT34,Tecnologia,Bdr
M2ST34,Tecnologia,Bdr
M1AA34,Financeiro,Bdr
M2RT34,"Pacífico Asiático, Ex Japão",Bdr
M1UF34,Financeiro,Bdr
M2KS34,Tecnologia,Bdr
M1BT34,Comunicação,Bdr
M1RN34,Farmacêutico,Bdr
M1HK34,Industrial,Bdr
M1CB34,Bebidas,Bdr
MDLZ34,"Alimentação, restaurantes",Bdr
M1DB34,Tecnologia,Bdr
M2PR34,Tecnologia,Bdr
M1NS34,Bebidas,Bdr
MCOR34,Financeiro,Bdr
MSBR34,Financeiro e Outros/Serviços Financeiros Diversos,Bdr
M1SI34,Comunicação,Bdr
M2PM34,Materiais básicos,Bdr
M1SC34,Tecnologia,Bdr
N1DA34,Financeiro,Bdr
N1GG34,Utilidades,Bdr
N2AT34,Industrial,Bdr
N1WG34,Financeiro,Bdr
N1TA34,Tecnologia,Bdr
NETE34,Tecnologia,Bdr
NFLX34,Streaming,Bdr
N1BI34,Farmacêutico,Bdr
E1DU34,Prestador de Serviços,Bdr
N2EW34,Tecnologia,Bdr
N1WL34,Comércio e Distribuição,Bdr
N1EM34,Materiais básicos,Bdr
N1WS35,Marketing,Bdr
N1WS34,Marketing,Bdr
NEXT34,Energia,Bdr
N1IC34,Comunicação,Bdr
N1LS34,Pesquisas,Bdr
NIKE34,"Consumo Cíclico/Tecidos, Vestuário e Calçados/Calçados",Bdr
N1IS34,Utilidades,Bdr
NOKI34,Comunicação,Bdr
NMRH34,Financeiro,Bdr
J1WN34,Lojas de departamento,Bdr
N1SC34,Industrial,Bdr
N1TR34,Financeiro,Bdr
NOCG34,Industrial,Bdr
S1YM34,Comunicação,Bdr
N1CL34,Transporte Marítimo,Bdr
N1OV34,Energia,Bdr
N1VS34,Farmacêutico,Bdr
N1VO34,Farmacêutico,Bdr
N2VC34,Medicina,Bdr
N1RG34,Utilidades,Bdr
NUBR33,Financeiro e Outros/Intermediários Financeiros/Bancos,Bdr
N1UE34,Materiais básicos,Bdr
N2TN34,Tecnologia,Bdr
NVDC34,Tecnologia,Bdr
N1VR34,Construção,Bdr
N1XP34,Tecnologia,Bdr
OXYP34,Energia,Bdr
O1KT34,Comunicação,Bdr
O1DF34,Logistica e Transportes,Bdr
O2HI34,Financeiro,Bdr
O1MC34,Comunicação,Bdr
O2NS34,Tecnologia,Bdr
O1KE34,Energia,Bdr
ORCL34,Tecnologia da Informação/Programas e Serviços,Bdr
ORLY34,Auto peças,Bdr
I1XC34,Financeiro,Bdr
O1TI34,Industrial,Bdr
P1AC34,Automóvel,Bdr
P1KG34,Industrial,Bdr
PAGS34,Financeiro,Bdr
P2LT34,Tecnologia,Bdr
P2AN34,Comunicação,Bdr
C1BS34,Comunicação,Bdr
P1HC34,Industrial,Bdr
P1AY34,Tecnologia,Bdr
P1YC34,Tecnologia,Bdr
P2CY34,Consultoria,Bdr
PYPL34,Financeiro,Bdr
P2EG34,Tecnologia,Bdr
P2EN34,Entretenimento,Bdr
P1NR34,Industrial,Bdr
P2NB34,Equipamentos Médicos,Bdr
PEPB34,Consumo não Cíclico/Bebidas/Cervejas e Refrigerantes,Bdr
P1KI34,Industrial,Bdr
P1RG34,Farmacêutico,Bdr
PTCH34,Energia,Bdr
PFIZ34,Farmacêutico,Bdr
PHMO34,Tabaco,Bdr
P1SX34,Energia,Bdr
P1DD34,Comunicação,Bdr
P1NW34,Utilidades,Bdr
P2IN34,Comunicação,Bdr
P1IO34,Energia,Bdr
P2LN34,Entretenimento,Bdr
PNCS34,Financeiro,Bdr
P1KX34,Mineradora,Bdr
P2OS34,Produtos de consumo não duráveis,Bdr
P2WS34,Tecnologia,Bdr
P1PG34,Materiais básicos,Bdr
P1PL34,Utilidades,Bdr
PPLA11,Financeiro e Outros/Serviços Financeiros/Gestão de Recursos e Investimentos,Bdr
P1FG34,Financeiro,Bdr
P2CO34,Tecnologia,Bdr
PGCO34,Bens de Consumo,Bdr
P1LD34,Financeiro,Bdr
P1DT34,Financeiro,Bdr
P1UK34,Financeiro,Bdr
T1LK34,Comunicação,Bdr
P2TC34,Tecnologia,Bdr
P1EG34,Utilidades,Bdr
P1SA34,Financeiro,Bdr
P1HM34,Construção,Bdr
P2ST34,Tecnologia,Bdr
P1VH34,Vestuário,Bdr
Q1RV34,Tecnologia,Bdr
QCOM34,Comunicação,Bdr
Q1UA34,Energia,Bdr
Q2SC34,Auto peças,Bdr
Q1UE34,Medicina,Bdr
R1LC34,Vestuário,Bdr
R2PD34,Tecnologia,Bdr
R1JF34,Financeiro,Bdr
RYTT34,Bens Industriais/Material de Transporte/Material Aeronáutico e de Defesa,Bdr
R1IN34,Financeiro,Bdr
R2DF34,Financeiro,Bdr
R2RX34,Industrial,Bdr
R1EG34,Financeiro,Bdr
REGN34,Farmacêutico,Bdr
R1FC34,Financeiro,Bdr
R1EL34,Comércio,Bdr
R2GE34,Equipamentos Médicos,Bdr
R1SG34,Industrial,Bdr
R1MD34,Equipamentos Médicos,Bdr
R2HH34,Comércio,Bdr
R2NG34,Tecnologia,Bdr
RIOT34,Materiais básicos,Bdr
R1HI34,Consultoria,Bdr
R2BL34,Tecnologia,Bdr
R1OK34,Industrial,Bdr
R1KU34,Comunicação,Bdr
R1OL34,Comércio,Bdr
R1OP34,Industrial,Bdr
ROST34,Vestuário,Bdr
RYBD34,-,
R1CL34,Transporte Marítimo,Bdr
R1YA34,Aviação,Bdr
SPGI34,Financeiro,Bdr
SSFO34,Tecnologia,Bdr
SAPP34,Tecnologia,Bdr
S1RP34,Farmacêutico,Bdr
S1BA34,Financeiro,Bdr
SLBG34,"Petróleo, Gás e Biocombustíveis/Equipamentos e Serviços",Bdr
S2EA34,Tecnologia,Bdr
S1TX34,Tecnologia,Bdr
S1GE34,Farmacêutico,Bdr
S1EA34,Industrial,Bdr
S2EI34,Financeiro,Bdr
S1RE34,Utilidades,Bdr
N1OW34,Tecnologia,Bdr
S2WA34,Saúde e Biotecnologia,Bdr
S2HO34,Comunicação,Bdr
S1BS34,Mineradora,Bdr
SBNY34,Financeiro,Bdr
S2LA34,Tecnologia,Bdr
SIMN34,Financeiro,Bdr
SRXM34,Comunicação,Bdr
S1KM34,Comunicação,Bdr
S1SL34,Tecnologia,Bdr
S1LG34,Financeiro,Bdr
S2MA34,Tecnologia,Bdr
S1NN34,Farmacêutico,Bdr
S2NA34,Comunicação,Bdr
S1NA34,Industrial,Bdr
S2NW34,Tecnologia,Bdr
S2CH34,Materiais básicos,Bdr
S2ED34,Energia,Bdr
SNEC34,Tecnologia,Bdr
S1OU34,Aviação,Bdr
S1PL34,Tecnologia,Bdr
S1PO34,Comunicação,Bdr
S2FM34,Produtos de consumo não duráveis,Bdr
S2QS34,Comunicação,Bdr
S1SN34,Tecnologia,Bdr
S2TA34,Financeiro,Bdr
STCH34,-,
S1WK34,Industrial,Bdr
SBUB34,Consumo Cíclico/Hoteis e Restaurantes /Restaurante e Similares,Bdr
S2TW34,Financeiro,Bdr
S1TT34,Financeiro,Bdr
S1TE34,Farmacêutico,Bdr
STMN34,Tecnologia,Bdr
stoc31,Financeiro e Outros/Serviços Financeiros Diversos,Bdr
S2TO34,Financeiro,Bdr
L2RN34,Tecnologia,Bdr
S1YK34,Equipamentos Médicos,Bdr
S1MF34,Financeiro,Bdr
S2UI34,Financeiro,Bdr
S1IV34,Financeiro,Bdr
S2WC34,Comunicação,Bdr
S2YN34,Tecnologia,Bdr
S1YF34,Financeiro,Bdr
S1NP34,Tecnologia,Bdr
S1YY34,Marketing,Bdr
T1RO34,Financeiro,Bdr
TSMC34,Tecnologia,Bdr
TAKP34,Farmacêutico,Bdr
T1TW34,Tecnologia,Bdr
T1AL34,Prestador de Serviços,Bdr
T2ND34,Equipamentos Médicos,Bdr
TPRY34,Vestuário,Bdr
TGTB34,Consumo não Cíclico/Comércio e Distribuição/Alimentos,Bdr
T1EL34,Industrial,Bdr
T1EC34,Energia,Bdr
T2DH34,Assistência Médica,Bdr
T1FX34,Equipamentos Médicos,Bdr
TLNC34,Comunicação,Bdr
T2PX34,Utilidades,Bdr
T1SS34,Industrial,Bdr
T2ER34,Tecnologia,Bdr
TXSA34,Materiais básicos,Bdr
TCCO34,-,
TSLA34,Automóvel,Bdr
T1EV34,Farmacêutico,Bdr
TEXA34,Tecnologia da Informação/Computadores e Equipamentos,Bdr
T1XT34,Industrial,Bdr
BONY34,Financeiro e Outros/Serviços Financeiros/Gestão de Recursos e Investimentos,Bdr
BNSB34,-,
BOEI34,Bens Industriais/Material de Transporte/Material Aeronáutico e de Defesa,Bdr
SCHW34,Financeiro,Bdr
COCA34,Consumo não Cíclico/Bebidas/Cervejas e Refrigerantes,Bdr
GPSI34,Vestuário,Bdr
H2AI34,Produtos de consumo não duráveis,Bdr
HSHY34,"Alimentação, restaurantes",Bdr
HOME34,Lojas de departamento,Bdr
S1JM34,"Alimentação, restaurantes",Bdr
KHCB34,Consumo não Cíclico/Alimentos/Alimentos Diversos,Bdr
MOSC34,Materiais básicos,Bdr
P1GR34,Financeiro,Bdr
S1HW34,Materiais básicos,Bdr
T1SO34,Utilidades,Bdr
T2TD34,Comunicação,Bdr
TRVC34,Seguros,Bdr
DISB34,Comunicações/Mídia/Produção e Difusão de Filmes e Programas,Bdr
WUNI34,Financeiro,Bdr
W1MB34,Energia,Bdr
TMOS34,Medicina,Bdr
THRE34,-,
TJXC34,Lojas de departamento,Bdr
T1MU34,Comunicação,Bdr
TMCO34,Automóvel,Bdr
T1SC34,Lojas de departamento,Bdr
I1RP34,Industrial,Bdr
T1DG34,Industrial,Bdr
RIGG34,Perfuração,Bdr
T2RE34,Industrial,Bdr
T2RM34,Industrial,Bdr
CRIP34,Comunicação,Bdr
T1RI34,Comunicação,Bdr
B1BT34,Financeiro,Bdr
T2SP34,Automóvel,Bdr
T1WL34,Tecnologia,Bdr
TWTR34,Redes Sociais,Bdr
T2YL34,Tecnologia,Bdr
TSNF34,"Alimentação, restaurantes",Bdr
USBC34,Financeiro e Outros/Intermediários Financeiros/Bancos,Bdr
U1BE34,Comunicação,Bdr
UBSG34,Financeiro,Bdr
U1DR34,Financeiro,Bdr
P2AT34,Tecnologia,Bdr
U1LT34,Beleza,Bdr
R2AR34,"Pacífico Asiático, Ex Japão",Bdr
U1AI34,Vestuário,Bdr
ULEV34,Higiene Pessoal,Bdr
UPAC34,Industrial,Bdr
U1AL34,Aviação,Bdr
U2NF34,Produtos de consumo não duráveis,Bdr
UPSS34,Logistica e Transportes,Bdr
U1RI34,Locadora,Bdr
USSX34,Siderurgia,Bdr
UNHH34,Farmacêutico,Bdr
U2ST34,Tecnologia,Bdr
O2LE34,Industrial,Bdr
U1HS34,Equipamentos Médicos,Bdr
U1NM34,Financeiro,Bdr
U2PS34,Financeiro,Bdr
U2PW34,Comunicação,Bdr
VLOE34,Petróleo,Bdr
VLYB34,Financeiro,Bdr
V2RN34,Tecnologia,Bdr
V2EE34,Tecnologia,Bdr
V1TA34,Financeiro,Bdr
VRSN34,Comunicação,Bdr
V1RS34,Análise de Dados,Bdr
VERZ34,Telecomunicação,Bdr
VRTX34,Farmacêutico,Bdr
VFCO34,Vestuário,Bdr
V2ME34,Comunicação,Bdr
V1IP34,Comércio,Bdr
VISA34,Financeiro e Outros/Serviços Financeiros Diversos,Bdr
V2VN34,Prestador de Serviços,Bdr
V2MW34,Tecnologia,Bdr
V1OD34,Comunicação,Bdr
V1NO34,Financeiro,Bdr
V1MC34,Industrial,Bdr
W1AB34,Industrial,Bdr
WGBA34,Farmacêutico,Bdr
WALM34,Lojas de departamento,Bdr
W1BD34,Comunicação,Bdr
W1MG34,Telecomunicação,Bdr
W1MC34,Industrial,Bdr
WATC34,Industrial,Bdr
W1SO34,Fabricante de Elétrodomésticos,Bdr
W2YF34,Comunicação,Bdr
W1EC34,Utilidades,Bdr
W1BO34,Comunicação,Bdr
WFCO34,Financeiro e Outros/Intermediários Financeiros/Bancos,Bdr
W1EL34,Financeiro,Bdr
W2ST34,Equipamentos Médicos,Bdr
WABC34,Financeiro,Bdr
W1DC34,Tecnologia,Bdr
W1RK34,Industrial,Bdr
W2EX34,Sem Classificação,Bdr
W1YC34,Financeiro,Bdr
W1HR34,Fabricante de Elétrodomésticos,Bdr
W1LT34,Financeiro,Bdr
W1IX34,Comunicação,Bdr
W2OL34,Tecnologia,Bdr
W1DA34,Tecnologia,Bdr
W1PP34,Comunicação,Bdr
W1RB34,Financeiro,Bdr
G1WW34,Industrial,Bdr
W1YN34,Hotelaria,Bdr
X1EL34,Utilidades,Bdr
XRXB34,Tecnologia da Informação/Computadores e Equipamentos,Bdr
XPBR31,Financeiro e Outros/Intermediários Financeiros/Bancos,Bdr
X1YL34,Industrial,Bdr
YUMR34,"Alimentação, restaurantes",Bdr
Z1BR34,Tecnologia,Bdr
Z2EN34,Comunicação,Bdr
Z2DV34,Tecnologia,Bdr
Z2LL34,Comunicação,Bdr
Z2LL35,Comunicação,Bdr
Z1BH34,Equipamentos Médicos,Bdr
Z1IO34,Financeiro,Bdr
Z1TS34,Medicina,Bdr
Z1OM34,Tecnologia,Bdr
Z2IT34,Tecnologia,Bdr
Z2SC34,Tecnologia,Bdr
Z1TO34,Logistica e Transportes,Bdr
AALR3,Saúde,Ação
ABCB4,Financeiro,Ação
ABEV3,Consumo não Cíclico,Ação
AERI3,Bens Industriais,Ação
AESB3,Utilidade Pública,Ação
AFLT3,Utilidade Pública,Ação
AGRO3,Consumo não Cíclico,Ação
AGXY3,Consumo não Cíclico,Ação
AHEB3,Consumo Cíclico,Ação
AHEB5,Consumo Cíclico,Ação
AHEB6,Consumo Cíclico,Ação
ALLD3,Consumo Cíclico,Ação
ALOS3,Financeiro,Ação
ALPA3,Consumo Cíclico,Ação
ALPA4,Consumo Cíclico,Ação
ALPK3,Bens Industriais,Ação
ALSO3,Financeiro,Ação
ALUP11,Utilidade Pública,Ação
ALUP3,Utilidade Pública,Ação
ALUP4,Utilidade Pública,Ação
AMAR3,Consumo Cíclico,Ação
AMBP3,Utilidade Pública,Ação
AMER3,Consumo Cíclico,Ação
ANIM3,Consumo Cíclico,Ação
APER3,Financeiro,Ação
APTI4,Consumo não Cíclico,Ação
ARML3,Bens Industriais,Ação
ARZZ3,Consumo Cíclico,Ação
ASAI3,Consumo não Cíclico,Ação
ATMP3,Bens Industriais,Ação
ATOM3,Outros,Ação
AURE3,Utilidade Pública,Ação
AVLL3,Consumo Cíclico,Ação
AZEV3,Bens Industriais,Ação
AZEV4,Bens Industriais,Ação
AZUL4,Bens Industriais,Ação
AZZA3,Consumo Cíclico,Ação
B3SA3,Financeiro,Ação
BAHI3,Consumo Cíclico,Ação
BALM3,Saúde,Ação
BALM4,Saúde,Ação
BAUH4,Consumo não Cíclico,Ação
BAZA3,Financeiro,Ação
BBAS11,Financeiro,Ação
BBAS3,Financeiro,Ação
BBDC3,Financeiro,Ação
BBDC4,Financeiro,Ação
BBSE3,Financeiro,Ação
BDLL3,Bens Industriais,Ação
BDLL4,Bens Industriais,Ação
BEEF3,Consumo não Cíclico,Ação
BEES3,Financeiro,Ação
BEES4,Financeiro,Ação
BGIP3,Financeiro,Ação
BGIP4,Financeiro,Ação
BHIA3,Consumo Cíclico,Ação
BIOM3,Saúde,Ação
BKBR3,Consumo Cíclico,Ação
BLAU3,Saúde,Ação
BMEB3,Financeiro,Ação
BMEB4,Financeiro,Ação
BMGB4,Financeiro,Ação
BMIN3,Financeiro,Ação
BMIN4,Financeiro,Ação
BMKS3,Consumo Cíclico,Ação
BMOB3,Tecnologia da Informação,Ação
BNBR3,Financeiro,Ação
BOBR3,Consumo não Cíclico,Ação
BOBR4,Consumo não Cíclico,Ação
BPAC11,Financeiro,Ação
BPAC3,Financeiro,Ação
BPAC5,Financeiro,Ação
BPAN4,Financeiro,Ação
BPAR3,Financeiro,Ação
BRAP3,Materiais Básicos,Ação
BRAP4,Materiais Básicos,Ação
BRBI11,Financeiro,Ação
BRFS3,Consumo não Cíclico,Ação
BRGE11,Financeiro,Ação
BRGE12,Financeiro,Ação
BRGE3,Financeiro,Ação
BRGE5,Financeiro,Ação
BRGE6,Financeiro,Ação
BRGE7,Financeiro,Ação
BRGE8,Financeiro,Ação
BRIT3,Comunicações,Ação
BRIV3,Financeiro,Ação
BRIV4,Financeiro,Ação
BRKM3,Materiais Básicos,Ação
BRKM5,Materiais Básicos,Ação
BRKM6,Materiais Básicos,Ação
BRSR3,Financeiro,Ação
BRSR5,Financeiro,Ação
BRSR6,Financeiro,Ação
BSLI3,Financeiro,Ação
BSLI4,Financeiro,Ação
CALI3,Consumo Cíclico,Ação
CAMB3,Consumo Cíclico,Ação
CAML3,Consumo não Cíclico,Ação
CARD3,Financeiro,Ação
CASH3,Tecnologia da Informação,Ação
CASN3,Utilidade Pública,Ação
CASN4,Utilidade Pública,Ação
CBAV3,Materiais Básicos,Ação
CBEE3,Utilidade Pública,Ação
CCRO3,Bens Industriais,Ação
CEAB3,Consumo Cíclico,Ação
CEBR3,Utilidade Pública,Ação
CEBR5,Utilidade Pública,Ação
CEBR6,Utilidade Pública,Ação
CEDO3,Consumo Cíclico,Ação
CEDO4,Consumo Cíclico,Ação
CEEB3,Utilidade Pública,Ação
CEEB5,Utilidade Pública,Ação
CEED3,Utilidade Pública,Ação
CEED4,Utilidade Pública,Ação
CEGR3,Utilidade Pública,Ação
CGAS3,Utilidade Pública,Ação
CGAS5,Utilidade Pública,Ação
CGRA3,Consumo Cíclico,Ação
CGRA4,Consumo Cíclico,Ação
CIEL3,Financeiro,Ação
CLSA3,Financeiro,Ação
CLSC3,Utilidade Pública,Ação
CLSC4,Utilidade Pública,Ação
CMIG3,Utilidade Pública,Ação
CMIG4,Utilidade Pública,Ação
CMIN3,Materiais Básicos,Ação
COCE3,Utilidade Pública,Ação
COCE5,Utilidade Pública,Ação
COCE6,Utilidade Pública,Ação
COGN3,Consumo Cíclico,Ação
CORR3,Financeiro,Ação
CORR4,Financeiro,Ação
CPFE3,Utilidade Pública,Ação
CPLE3,Utilidade Pública,Ação
CPLE5,Utilidade Pública,Ação
CPLE6,Utilidade Pública,Ação
CRDE3,Consumo Cíclico,Ação
CRFB3,Consumo não Cíclico,Ação
CRIV3,Financeiro,Ação
CRIV4,Financeiro,Ação
CRPG3,Materiais Básicos,Ação
CRPG5,Materiais Básicos,Ação
CRPG6,Materiais Básicos,Ação
CSAN3,Petróleo. Gás e Biocombustíveis,Ação
CSED3,Consumo Cíclico,Ação
CSMG3,Utilidade Pública,Ação
CSNA3,Materiais Básicos,Ação
CSRN3,Utilidade Pública,Ação
CSRN5,Utilidade Pública,Ação
CSRN6,Utilidade Pública,Ação
CSUD3,Financeiro,Ação
CTBA11B,-,Ação
CTKA3,Consumo Cíclico,Ação
CTKA4,Consumo Cíclico,Ação
CTNM3,Consumo Cíclico,Ação
CTNM4,Consumo Cíclico,Ação
CTSA3,Consumo Cíclico,Ação
CTSA4,Consumo Cíclico,Ação
CURY3,Consumo Cíclico,Ação
CVCB3,Consumo Cíclico,Ação
CXSE3,Financeiro,Ação
CYRE3,Consumo Cíclico,Ação
DASA3,Saúde,Ação
DESK3,Comunicações,Ação
DEXP3,Materiais Básicos,Ação
DEXP4,Materiais Básicos,Ação
DIRR3,Consumo Cíclico,Ação
DMFN3,Financeiro,Ação
DMVF3,Saúde,Ação
DOHL3,Consumo Cíclico,Ação
DOHL4,Consumo Cíclico,Ação
DOTZ3,Consumo Cíclico,Ação
DTCY3,Bens Industriais,Ação
DXCO3,Materiais Básicos,Ação
EALT3,Bens Industriais,Ação
EALT4,Bens Industriais,Ação
ECOR3,Bens Industriais,Ação
EGIE3,Utilidade Pública,Ação
EKTR3,Utilidade Pública,Ação
EKTR4,Utilidade Pública,Ação
ELET3,Utilidade Pública,Ação
ELET5,Utilidade Pública,Ação
ELET6,Utilidade Pública,Ação
ELMD3,Comunicações,Ação
EMAE3,Utilidade Pública,Ação
EMAE4,Utilidade Pública,Ação
EMBR3,Bens Industriais,Ação
ENAT3,Petróleo. Gás e Biocombustíveis,Ação
ENEV3,Utilidade Pública,Ação
ENGI11,Utilidade Pública,Ação
ENGI3,Utilidade Pública,Ação
ENGI4,Utilidade Pública,Ação
ENJU3,Tecnologia da Informação,Ação
ENMT3,Utilidade Pública,Ação
ENMT4,Utilidade Pública,Ação
EPAR3,Bens Industriais,Ação
EQMA3B,Utilidade Pública,Ação
EQPA3,Utilidade Pública,Ação
EQPA5,Utilidade Pública,Ação
EQPA6,Utilidade Pública,Ação
EQPA7,Utilidade Pública,Ação
EQTL3,Utilidade Pública,Ação
ESPA3,Consumo Cíclico,Ação
ESTR3,Consumo Cíclico,Ação
ESTR4,Consumo Cíclico,Ação
ETER3,Bens Industriais,Ação
EUCA3,Materiais Básicos,Ação
EUCA4,Materiais Básicos,Ação
EVEN3,Consumo Cíclico,Ação
EZTC3,Consumo Cíclico,Ação
FESA3,Materiais Básicos,Ação
FESA4,Materiais Básicos,Ação
FHER3,Materiais Básicos,Ação
FIEI3,Consumo Cíclico,Ação
FIGE3,Outros,Ação
FIGE4,Outros,Ação
FIQE3,Comunicações,Ação
FLRY3,Saúde,Ação
FNCN3,Financeiro,Ação
FRAS3,Bens Industriais,Ação
FRIO3,Bens Industriais,Ação
FRTA3,Consumo não Cíclico,Ação
GEPA3,Utilidade Pública,Ação
GEPA4,Utilidade Pública,Ação
GFSA3,Consumo Cíclico,Ação
GGBR3,Materiais Básicos,Ação
GGBR4,Materiais Básicos,Ação
GGPS3,Bens Industriais,Ação
GMAT3,Consumo não Cíclico,Ação
GOAU3,Materiais Básicos,Ação
GOAU4,Materiais Básicos,Ação
GOLL4,Bens Industriais,Ação
GPAR3,Utilidade Pública,Ação
GRND3,Consumo Cíclico,Ação
GSHP3,Financeiro,Ação
GUAR3,Consumo Cíclico,Ação
HAGA3,Bens Industriais,Ação
HAGA4,Bens Industriais,Ação
HAPV3,Saúde,Ação
HBOR3,Consumo Cíclico,Ação
HBRE3,Financeiro,Ação
HBSA3,Bens Industriais,Ação
HBTS5,Financeiro,Ação
HETA3,Consumo Cíclico,Ação
HETA4,Consumo Cíclico,Ação
HOOT4,Consumo Cíclico,Ação
HYPE3,Saúde,Ação
IFCM3,Tecnologia da Informação,Ação
IGTI11,Financeiro,Ação
IGTI3,Financeiro,Ação
IGTI4,Financeiro,Ação
INEP3,Bens Industriais,Ação
INEP4,Bens Industriais,Ação
INTB3,-,Ação
IRBR3,Financeiro,Ação
ITSA3,Financeiro,Ação
ITSA4,Financeiro,Ação
ITUB3,Financeiro,Ação
ITUB4,Financeiro,Ação
JALL3,Consumo não Cíclico,Ação
JBSS3,Consumo não Cíclico,Ação
JFEN3,Consumo Cíclico,Ação
JHSF3,Consumo Cíclico,Ação
JOPA3,Consumo não Cíclico,Ação
JOPA4,Consumo não Cíclico,Ação
JSLG3,Bens Industriais,Ação
KEPL3,Bens Industriais,Ação
KLBN11,Materiais Básicos,Ação
KLBN3,Materiais Básicos,Ação
KLBN4,Materiais Básicos,Ação
KRSA3,Saúde,Ação
LAND3,Consumo não Cíclico,Ação
LAVV3,Consumo Cíclico,Ação
LEVE3,Consumo Cíclico,Ação
LIGT3,Utilidade Pública,Ação
LIPR3,Utilidade Pública,Ação
LJQQ3,Consumo Cíclico,Ação
LLIS3,Consumo Cíclico,Ação
LOGG3,Financeiro,Ação
LOGN3,Bens Industriais,Ação
LPSB3,Financeiro,Ação
LREN3,Consumo Cíclico,Ação
LUPA3,Petróleo. Gás e Biocombustíveis,Ação
LUXM3,Bens Industriais,Ação
LUXM4,Bens Industriais,Ação
LVTC3,Tecnologia da Informação,Ação
LWSA3,Tecnologia da Informação,Ação
MAPT3,Outros,Ação
MAPT4,Outros,Ação
MATD3,Saúde,Ação
MBLY3,Consumo Cíclico,Ação
MDIA3,Consumo não Cíclico,Ação
MDNE3,Consumo Cíclico,Ação
MEAL3,Consumo Cíclico,Ação
MELK3,Consumo Cíclico,Ação
MERC3,Financeiro,Ação
MERC4,Financeiro,Ação
MGEL3,Materiais Básicos,Ação
MGEL4,Materiais Básicos,Ação
MGLU3,Consumo Cíclico,Ação
MILS3,Bens Industriais,Ação
MLAS3,Tecnologia da Informação,Ação
MNDL3,Consumo Cíclico,Ação
MNPR3,Consumo não Cíclico,Ação
MOAR3,Financeiro,Ação
MOVI3,Consumo Cíclico,Ação
MRFG3,Consumo não Cíclico,Ação
MRSA3B,Bens Industriais,Ação
MRSA5B,Bens Industriais,Ação
MRSA6B,Bens Industriais,Ação
MRVE3,Consumo Cíclico,Ação
MSPA3,Materiais Básicos,Ação
MSPA4,Materiais Básicos,Ação
MTRE3,Consumo Cíclico,Ação
MTSA3,Bens Industriais,Ação
MTSA4,Bens Industriais,Ação
MULT3,Financeiro,Ação
MWET3,Bens Industriais,Ação
MWET4,Bens Industriais,Ação
MYPK3,Consumo Cíclico,Ação
NEOE3,Utilidade Pública,Ação
NEXP3,Financeiro,Ação
NGRD3,Tecnologia da Informação,Ação
NINJ3,Tecnologia da Informação,Ação
NORD3,Bens Industriais,Ação
NTCO3,Consumo não Cíclico,Ação
NUTR3,Materiais Básicos,Ação
ODER4,Consumo não Cíclico,Ação
ODPV3,Saúde,Ação
OFSA3,Saúde,Ação
OIBR3,Comunicações,Ação
OIBR4,Comunicações,Ação
ONCO3,Saúde,Ação
OPCT3,Petróleo. Gás e Biocombustíveis,Ação
ORVR3,Utilidade Pública,Ação
OSXB3,Petróleo. Gás e Biocombustíveis,Ação
PATI3,Materiais Básicos,Ação
PATI4,Materiais Básicos,Ação
PCAR3,Consumo não Cíclico,Ação
PDGR3,Consumo Cíclico,Ação
PDTC3,Tecnologia da Informação,Ação
PEAB3,Financeiro,Ação
PEAB4,Financeiro,Ação
PETR3,Petróleo. Gás e Biocombustíveis,Ação
PETR4,Petróleo. Gás e Biocombustíveis,Ação
PETZ3,Consumo Cíclico,Ação
PFRM3,Saúde,Ação
PGMN3,Saúde,Ação
PINE3,Financeiro,Ação
PINE4,Financeiro,Ação
PLAS3,Consumo Cíclico,Ação
PLPL3,Consumo Cíclico,Ação
PMAM3,Materiais Básicos,Ação
PMSP11B,-,Ação
PMSP12B,-,Ação
PNVL3,Saúde,Ação
POMO3,Bens Industriais,Ação
POMO4,Bens Industriais,Ação
PORT3,Bens Industriais,Ação
POSI3,Tecnologia da Informação,Ação
PRIO3,Petróleo. Gás e Biocombustíveis,Ação
PRNR3,Bens Industriais,Ação
PSSA3,Financeiro,Ação
PSVM11,Bens Industriais,Ação
PTBL3,Bens Industriais,Ação
PTNT3,Consumo Cíclico,Ação
PTNT4,Consumo Cíclico,Ação
QUAL3,Saúde,Ação
RADL3,Saúde,Ação
RAIL3,Bens Industriais,Ação
RAIZ4,Petróleo. Gás e Biocombustíveis,Ação
RANI3,Materiais Básicos,Ação
RAPT3,Bens Industriais,Ação
RAPT4,Bens Industriais,Ação
RCSL3,Bens Industriais,Ação
RCSL4,Bens Industriais,Ação
RDNI3,Consumo Cíclico,Ação
RDOR3,Saúde,Ação
RECV3,Petróleo. Gás e Biocombustíveis,Ação
REDE3,Utilidade Pública,Ação
RENT3,Consumo Cíclico,Ação
RNEW11,Utilidade Pública,Ação
RNEW3,Utilidade Pública,Ação
RNEW4,Utilidade Pública,Ação
ROMI3,Bens Industriais,Ação
RPAD3,Financeiro,Ação
RPAD5,Financeiro,Ação
RPAD6,Financeiro,Ação
RPMG3,Petróleo. Gás e Biocombustíveis,Ação
RRRP3,Petróleo. Gás e Biocombustíveis,Ação
RSID3,Consumo Cíclico,Ação
RSUL4,Bens Industriais,Ação
SANB11,Financeiro,Ação
SANB3,Financeiro,Ação
SANB4,Financeiro,Ação
SAPR11,Utilidade Pública,Ação
SAPR3,Utilidade Pública,Ação
SAPR4,Utilidade Pública,Ação
SBFG3,Consumo Cíclico,Ação
SBSP3,Utilidade Pública,Ação
SCAR3,Financeiro,Ação
SEER3,Consumo Cíclico,Ação
SEQL3,Bens Industriais,Ação
SGPS3,Consumo Cíclico,Ação
SHOW3,Consumo Cíclico,Ação
SHUL3,Bens Industriais,Ação
SHUL4,Bens Industriais,Ação
SIMH3,Financeiro,Ação
SLCE3,Consumo não Cíclico,Ação
SMFT3,Consumo Cíclico,Ação
SMTO3,Consumo não Cíclico,Ação
SNSY3,Materiais Básicos,Ação
SNSY5,Materiais Básicos,Ação
SNSY6,Materiais Básicos,Ação
SOJA3,Consumo não Cíclico,Ação
SOMA3,Consumo Cíclico,Ação
SOND3,Bens Industriais,Ação
SOND5,Bens Industriais,Ação
SOND6,Bens Industriais,Ação
SRNA3,Utilidade Pública,Ação
STBP3,Bens Industriais,Ação
SUZB3,Materiais Básicos,Ação
SYNE3,Financeiro,Ação
TAEE11,Utilidade Pública,Ação
TAEE3,Utilidade Pública,Ação
TAEE4,Utilidade Pública,Ação
TASA3,Bens Industriais,Ação
TASA4,Bens Industriais,Ação
TCSA3,Consumo Cíclico,Ação
TECN3,Consumo Cíclico,Ação
TEKA3,Consumo Cíclico,Ação
TEKA4,Consumo Cíclico,Ação
TELB3,Comunicações,Ação
TELB4,Comunicações,Ação
TEND3,Consumo Cíclico,Ação
TFCO4,Consumo Cíclico,Ação
TGMA3,Bens Industriais,Ação
TIMS3,Comunicações,Ação
TKNO3,Materiais Básicos,Ação
TKNO4,Materiais Básicos,Ação
TOTS3,Tecnologia da Informação,Ação
TPIS3,Bens Industriais,Ação
TRAD3,Tecnologia da Informação,Ação
TRIS3,Consumo Cíclico,Ação
TRPL3,Utilidade Pública,Ação
TRPL4,Utilidade Pública,Ação
TTEN3,Consumo não Cíclico,Ação
TUPY3,Bens Industriais,Ação
TXRX3,Consumo Cíclico,Ação
TXRX4,Consumo Cíclico,Ação
UCAS3,Consumo Cíclico,Ação
UGPA3,Petróleo. Gás e Biocombustíveis,Ação
UNIP3,Materiais Básicos,Ação
UNIP5,Materiais Básicos,Ação
UNIP6,Materiais Básicos,Ação
USIM3,Materiais Básicos,Ação
USIM5,Materiais Básicos,Ação
USIM6,Materiais Básicos,Ação
VALE3,Materiais Básicos,Ação
VAMO3,Consumo Cíclico,Ação
VBBR3,Petróleo. Gás e Biocombustíveis,Ação
VIIA3,Consumo Cíclico,Ação
VITT3,Materiais Básicos,Ação
VIVA3,Consumo Cíclico,Ação
VIVR3,Consumo Cíclico,Ação
VIVT3,Comunicações,Ação
VLID3,Bens Industriais,Ação
VSPT3,Bens Industriais,Ação
VSTE3,Consumo Cíclico,Ação
VTRU3,Consumo Cíclico,Ação
VULC3,Consumo Cíclico,Ação
VVEO3,Saúde,Ação
WEGE3,Bens Industriais,Ação
WEST3,Consumo Cíclico,Ação
WHRL3,Consumo Cíclico,Ação
WHRL4,Consumo Cíclico,Ação
WIZC3,Financeiro,Ação
WIZS3,Financeiro,Ação
WLMM3,Bens Industriais,Ação
WLMM4,Bens Industriais,Ação
YBRA4,Outros,Ação
YDUQ3,Consumo Cíclico,Ação
ZAMP3,Consumo Cíclico,Ação
